page_number,sentence_chunk,chunk_char_count,chunk_word_count,chunk_token_count,embedding
-41,"Aditya Ghai Email: adityaghailbdrp1@gmail.com LinkedIn: https://www.linkedin.com/in/aditya-ghai/ Github: https://github.com/adityaghai07 Education • Indian Institute Of Information Technology Jabalpur Jabalpur, India Bachelor of Technology - Computer Science and Engineering; GPA: 9.1 May 2022 - May 2026 Courses: Operating Systems, Data Structures, Analysis Of Algorithms, Artificial Intelligence, Machine Learning, Networking, Databases Skills and Competencies Document • Languages: Python,C++, SQL, C • Frameworks: scikit-learn, NLTK, SpaCy, TensorFlow, Keras, Flask , FastAPI, HuggingFace , Pytorch • Tools: GIT, PostgreSQL, MySQL,MongoDB • Platforms: Linux, Windows, Arduino, Streamlit Experience • Bezu AI Remote Machine Learning Intern Jun 2024 - Present ◦ Founding Team: Collaborated with 2 co-founders to build a real world product with 15000+ user base.◦ Model Fine-Tuning: Successfully fine-tuned a base model using 50,000 web-scraped custom data points, improving accuracy by 15%. Deployed the model for real-time inference on Replicate.◦ Python Backend : Transitioned the entire backend architecture from Node.js to Python, reducing server response time by 25% and enhancing scalability to support over 5000 concurrent users. •Zep Analytics Remote Data Science Intern Dec 2023 - Jan 2024 ◦ Real World Client Projects: Built AI/ML-based solutions utilizing diverse tech stacks, including Flask, Vector DB, and Hugging Face Pipelines, delivering tailored solutions to over 6 clients.◦ Insurance Claim Automation: Developed a core NLP-based end-to-end solution that classified over 30,000 claims with 95% accuracy, reducing processing time by 40%.◦ LLM Based Research: Tried and tested various LLMs for specific purposes including LLaMA, Mistral, and RoBERTa. Projects • AI Badminton Game Coach - https://github.com/Team-Phoenix-Force/ShuttleSensei April 2024 • End to end game coach to provide player analytics based on movement and shot selections with relevant graphs and customized reports. •Implemented ActionFormer and Fast Slow Network for Temporal Action Localization (TAL) research paper, building an enhanced model with 20% improved accuracy. •GenRAG - https://github.com/adityaghai07/GenRAG Jun 2024 • Terminal tool designed to set up a Retrieval-Augmented Generation Pipeline Locally. •",2308,308,577.0,"[ 2.69549657e-02  4.66469675e-02 -4.84405123e-02 -1.88955404e-02
 -2.95798052e-02  2.45207734e-03  2.84979716e-02 -5.58838062e-03
  1.86688900e-02 -2.19519213e-02  6.70873374e-02  4.84425016e-02
  4.88285441e-03  1.80408701e-01  4.11319099e-02 -3.90624516e-02
  1.61949191e-02  1.03966761e-02  6.20017946e-03  1.98876741e-03
 -2.58263312e-02  1.23815127e-02 -1.91396438e-02  3.97122651e-02
 -4.35395390e-02 -1.99494287e-02 -2.43341625e-02  1.42762829e-02
 -6.97346695e-04 -3.33599523e-02  1.29791684e-02 -5.27973427e-03
 -1.99990273e-02  7.16356561e-02  2.75441448e-06 -6.22672364e-02
 -4.77177016e-02  1.57769248e-02 -2.91100889e-02  8.59334716e-04
  5.81117906e-02  2.36700270e-02  6.68199500e-03  3.57438773e-02
 -3.29662673e-02  6.40044734e-03  6.95583299e-02  1.54246511e-02
  3.22497226e-02  3.34856920e-02 -2.61826739e-02 -2.07369705e-03
  1.08798333e-02  3.68732214e-03 -2.45951731e-02 -4.67473269e-02
  4.25855396e-03  1.10026766e-02  1.14254113e-02 -7.68928230e-02
  3.88835766e-03  1.43335881e-02  1.33880628e-02  3.78481694e-03
  7.54231960e-02  5.69498539e-02 -1.25016607e-02 -4.26020920e-02
 -4.60910164e-02  2.18943730e-02 -1.84202921e-02 -1.59159917e-02
  3.71307656e-02  1.15172500e-02 -5.58981560e-02  7.64696253e-03
 -2.89746355e-02  2.93038320e-02 -1.99978389e-02  6.98533701e-03
 -2.89668050e-02  6.41436642e-03 -2.80322898e-02  1.02630425e-02
 -9.16284695e-03  3.71954329e-02 -1.78347770e-02  2.36784481e-02
 -1.30314687e-02 -1.36443591e-02  5.21362200e-02 -6.60695285e-02
  4.82322313e-02  2.95574814e-02 -3.28226462e-02 -6.23600520e-02
  2.69365478e-02 -4.65696640e-02  3.31642143e-02 -3.04188114e-02
  5.29336520e-02 -1.64329878e-03 -9.79738033e-05  6.08085990e-02
  7.60777015e-03  3.46405581e-02  4.47633611e-05 -1.43107260e-02
  1.85494293e-02  2.57583372e-02 -1.67941209e-02  2.86295125e-03
 -7.26666418e-04  3.58991027e-02 -1.04819862e-02  5.35924500e-03
 -6.51873350e-02  5.20194024e-02 -1.98764112e-02  2.27016937e-02
 -3.13407392e-03  3.50051112e-02 -5.31696901e-03  2.30049919e-02
 -3.12743671e-02 -2.82541160e-02 -4.86192256e-02  3.47078480e-02
  1.38297994e-02 -5.10569103e-02  1.30085330e-02  7.20572239e-03
  9.44858044e-03 -1.36772757e-02  1.61568020e-02  5.09632193e-02
  6.34638444e-02  1.60595924e-02 -2.85003949e-02 -3.80406529e-02
  4.68747243e-02 -5.18906973e-02 -6.07667118e-02 -3.03820521e-02
 -3.91497137e-03 -1.20710852e-02 -3.73148657e-02 -1.13334563e-02
 -3.88785340e-02 -3.12214475e-02 -1.43728615e-03  3.43335532e-02
 -2.89046392e-03  2.77320072e-02  3.20293084e-02 -4.88117198e-03
  1.08336275e-02  3.31205390e-02  9.07646399e-03  3.01994029e-02
  4.87996377e-02 -2.20447537e-02  3.35236937e-02  1.34160770e-02
 -4.90294537e-03 -7.43348617e-03 -8.54878034e-03  7.92625546e-03
 -2.82683354e-02 -5.60356118e-03 -6.61314698e-03 -4.81019728e-03
 -5.68400742e-03  3.36202756e-02  8.74320492e-02  5.13867922e-02
 -1.67008862e-02  8.36573355e-03 -9.55356006e-03  1.38085932e-02
  8.49353056e-03 -7.87016749e-02 -2.66227815e-02  3.67801227e-02
 -1.06207002e-02 -2.01248229e-02 -1.05599975e-02  9.42523181e-02
 -2.40135845e-02 -2.33849324e-02 -9.77563765e-03 -4.08748984e-02
 -4.80823666e-02  2.17658728e-02  6.11873344e-02  3.66967428e-03
 -2.00538542e-02 -5.54195791e-02  1.11065060e-02 -2.96980236e-02
 -4.07869481e-02 -8.65327716e-02  4.48166281e-02  2.03739833e-02
  3.23139355e-02 -4.42787372e-02 -4.13580313e-02 -1.12719694e-02
 -5.12759909e-02  4.77764057e-04  4.08329219e-02 -1.24970145e-04
  1.19464146e-02 -1.19048627e-02 -3.35841961e-02  3.71713042e-02
  1.09780701e-02 -2.39952710e-02  1.24534052e-02  4.04871553e-02
 -2.92165913e-02  1.98731460e-02 -1.38041964e-02  2.01981124e-02
 -3.74481678e-02 -8.94808117e-03 -1.20073063e-02  3.22542191e-02
  4.29074876e-02  7.96304364e-03  2.00319719e-02 -2.45309193e-02
  5.94663210e-02  5.33168530e-03 -2.19661649e-02  5.47653213e-02
  7.52078518e-02  2.18500067e-02 -1.09828124e-02 -2.61337142e-02
  1.89787261e-02  4.16653007e-02 -6.23356923e-02 -4.49943636e-03
  1.19180093e-02  2.95586768e-03 -1.26945544e-02 -7.15166144e-03
  1.35115068e-02  7.95783068e-04  6.09693415e-02  3.08827520e-03
  2.48877099e-03  5.43294773e-02 -1.84142198e-02 -4.62095998e-02
 -6.80124760e-02  4.38879617e-02 -7.59029686e-02  3.54460143e-02
 -1.15748877e-02 -5.59398569e-02  1.19534405e-02 -9.96965822e-03
  1.23313190e-02 -6.12707362e-02  9.29974392e-02 -5.94667420e-02
  1.41003048e-02  9.99194384e-03  2.56274994e-02  2.73699462e-02
  3.78771052e-02 -2.71269213e-02 -5.06087840e-02  1.40768616e-02
  1.69781838e-02  2.12899391e-02 -3.33800241e-02  5.38751408e-02
 -3.26188887e-03 -4.14902866e-02  4.83104074e-03 -6.75662421e-03
 -3.20112258e-02  7.27927461e-02  8.90889764e-02 -5.21577187e-02
 -2.55509913e-02 -3.98597196e-02 -4.51894179e-02 -7.76791805e-03
  8.52150097e-03 -5.07081822e-02 -6.33904114e-02  1.32241873e-02
 -2.52272300e-02  6.65473044e-02 -1.83133259e-02  2.13485677e-02
 -2.74909995e-02 -1.27294054e-03 -1.08081091e-03  5.89045743e-03
 -5.33857569e-02 -6.37481734e-03  4.40068766e-02  2.10290160e-02
 -2.94937175e-02 -2.31935480e-03 -1.53514436e-02 -9.38627683e-03
  5.46093471e-03  3.16920914e-02  1.99556202e-02 -1.81560703e-02
 -3.10277995e-02  2.65008155e-02 -6.28793938e-03  6.63164407e-02
  4.18913970e-03 -6.94006979e-02  4.82600108e-02  2.76689678e-02
  2.37827878e-02 -3.47987637e-02 -1.13077566e-01 -2.30027195e-02
  4.67998236e-02  6.92558102e-03  2.95724571e-02 -3.21506932e-02
 -3.03308759e-02 -2.27697901e-02  9.26731154e-03 -1.06497677e-02
 -3.32843512e-02 -8.16407874e-02 -1.17887957e-02  3.28643736e-03
  1.09463036e-02 -3.88646573e-02 -2.65643932e-02 -2.13187747e-02
 -1.09426994e-02 -2.25868784e-02 -4.00957726e-02 -2.47625671e-02
 -2.63668820e-02  2.43421085e-02  2.21557450e-02  6.74596503e-02
 -2.12369976e-03 -1.26186721e-02  9.12889559e-03 -3.03916819e-02
  3.95809673e-02  1.90573521e-02  6.99186372e-03  2.43359245e-03
  1.35755232e-02  4.68315706e-02  6.63191378e-02  2.27781292e-02
 -6.02343641e-02  2.17879303e-02 -5.47785079e-03 -6.06057458e-02
 -1.60194095e-02  1.24921417e-02  1.17529919e-02 -5.17475344e-02
  1.70733724e-02  1.96572132e-02 -1.69310160e-02 -1.38951410e-02
  1.50212646e-02 -2.53616031e-02 -2.95097567e-02  1.25042060e-02
  1.99866984e-02 -7.84951076e-02  1.82277523e-02  2.18281038e-02
  2.12596431e-02 -4.80556339e-02 -3.73629928e-02 -1.53871477e-02
 -6.65536001e-02  8.06340501e-02 -1.40134888e-02 -3.21721248e-02
 -6.72455356e-02 -8.47236812e-02  1.44840544e-02 -2.93158889e-02
 -2.93473415e-02  2.55254824e-02  5.32310456e-03  1.27533963e-02
  2.46318784e-02 -5.43546788e-02 -2.11760795e-04  2.21686829e-02
 -4.95948493e-02 -2.92931329e-02  5.71695827e-02  4.35515717e-02
 -3.07534579e-02  2.23678513e-03 -3.62583040e-03  2.72677392e-02
  1.51648570e-03 -7.72552146e-03  1.06936097e-01 -6.73755025e-03
 -9.79467481e-03 -1.15827471e-02  5.23419417e-02 -6.11395799e-02
  2.27037538e-02  1.73152834e-02  8.49392116e-02 -4.46962342e-02
  1.66688897e-02 -6.82301372e-02  1.10852416e-03  4.65316027e-02
  2.75074523e-02  9.66691226e-03 -3.50081772e-02 -8.23066011e-02
  7.87159894e-03  9.30225104e-03  6.09314628e-03 -2.75894813e-03
  3.95166762e-02 -2.68475618e-02 -8.76573548e-02 -3.93492393e-02
 -1.72490664e-02  7.00288918e-03  2.79145455e-03  1.58226993e-02
  2.67103706e-02  1.23571530e-02 -4.10420634e-03 -4.20352072e-02
  2.67602247e-03 -9.23750631e-04  7.56932795e-02 -4.62998413e-02
  8.94476660e-03  1.10268993e-02 -2.94142626e-02 -7.49052763e-02
 -6.66016992e-03 -4.79565300e-02 -2.77936943e-02  2.44671907e-02
  4.30621430e-02  4.82767113e-02 -2.30443161e-02 -2.06092559e-02
 -1.50061147e-02  5.29665463e-02  6.23648092e-02 -5.76459281e-02
 -5.70373284e-03 -9.63673834e-03 -1.79833565e-02 -2.25159582e-02
  1.14688207e-03 -3.15209143e-02  3.10231596e-02 -2.32766084e-02
 -3.05098109e-02  3.63524556e-02 -1.96835902e-02 -2.29091011e-02
  7.80500695e-02  4.70110439e-02  3.66974995e-02 -8.17583427e-02
 -3.63161252e-03  3.21384594e-02  3.01500130e-02  5.61365578e-03
 -5.21468446e-02 -2.03712285e-02  2.51491852e-02  4.20629643e-02
  1.98244937e-02 -1.30222021e-02  6.77431449e-02 -3.59908380e-02
 -8.07408616e-02  3.09964530e-02 -2.77640000e-02  5.30587174e-02
  2.88030412e-02 -2.22289469e-02  3.16512138e-02 -1.85870323e-02
  3.72694083e-03  4.85033356e-02 -2.58256346e-02  1.02419676e-02
 -2.11751983e-02  1.25770196e-02 -2.78858915e-02  3.35770510e-02
 -4.39617112e-02 -8.69876742e-02  1.41218305e-02  2.97722686e-03
  4.16796170e-02  1.66487712e-02  3.70454714e-02 -5.72009236e-02
  1.00437794e-02 -1.84536837e-02  3.50667201e-02 -2.30427459e-02
  3.12865339e-02 -4.12053242e-02 -4.33492707e-03 -4.69940379e-02
  2.73140408e-02  4.62228172e-02  5.41135222e-02  2.36865245e-02
 -4.67437766e-02 -4.61111106e-02 -2.36528479e-02  1.28745316e-02
  2.58958787e-02  1.39654279e-02  1.90768745e-02  1.68750640e-02
 -3.04719657e-02 -5.30297495e-02  4.99391034e-02 -1.37141126e-03
  1.49576506e-03 -4.18545343e-02  3.67804803e-02  2.19126474e-02
  6.73171249e-04  1.38268191e-02 -4.80711460e-03  3.58797684e-02
 -4.89772521e-02  3.29305232e-03  5.92184532e-03 -7.91661650e-33
  3.38842683e-02 -5.70660420e-02 -3.63718555e-03  1.17086181e-02
 -4.82027940e-02  2.15534549e-02 -2.91032176e-02 -4.73692976e-02
  1.41353998e-02 -1.31787118e-02 -1.83491651e-02  3.13526541e-02
  3.70685682e-02  1.18952962e-02  2.66003143e-02  1.02580264e-02
  7.97551405e-03  1.00037502e-02 -1.52685009e-02  3.15188356e-02
  2.93616820e-02  5.10005243e-02  2.18100343e-02 -5.86872324e-02
 -2.91022435e-02  2.04770826e-02 -2.85836644e-02 -1.03771943e-03
 -7.03627467e-02  5.20448834e-02  9.00176074e-03  7.95188919e-03
 -1.87202834e-03 -1.81441871e-03 -5.09256381e-04 -3.07662208e-02
 -6.58047125e-02  1.53356930e-02 -3.16970833e-02  3.32530811e-02
 -6.35817274e-02  2.53691226e-02  7.94468597e-02 -1.96340792e-02
 -2.69342009e-02 -2.97941603e-02  4.00563926e-02 -3.03222723e-02
 -8.52048118e-03 -4.29484844e-02 -1.55964224e-02  2.60248538e-02
 -4.95143421e-02  5.84438294e-02  2.62294579e-02  2.80421562e-02
 -1.03381490e-02  2.10421421e-02 -5.40327728e-02  8.81687459e-03
 -3.35393362e-02 -4.23099566e-03  2.89451852e-02 -1.77940018e-02
  2.24178750e-02  3.22463140e-02  3.24584953e-02 -4.63498048e-02
 -8.64703488e-03 -1.47201139e-02 -4.33306023e-02  9.94009674e-02
  1.80541947e-02 -1.96030084e-02  1.05488831e-02 -1.21194392e-01
 -7.07711503e-02  5.09428270e-02  3.90087590e-02  1.84625182e-02
 -2.57570227e-03 -1.48405470e-02 -3.24952416e-02  1.62653290e-02
  5.99570908e-02 -5.38743623e-02 -2.09206603e-02  3.67823616e-02
  8.48457497e-03  1.53712109e-02 -2.44428162e-02  6.49590120e-02
 -1.43958349e-02 -3.48612554e-02  3.04554924e-02 -1.42536277e-03
  1.51214674e-02  2.47356649e-02  4.09658775e-02 -1.85142197e-02
 -3.26290820e-03 -1.78380236e-02 -7.99363405e-02 -4.42654331e-04
  5.21492809e-02 -1.76665268e-03  3.97323295e-02  4.66990247e-02
 -3.58180851e-02  1.81182288e-02 -1.04795117e-02  4.70786169e-02
  1.42012192e-02  4.71769907e-02  2.50513870e-02 -3.19866417e-03
  1.69089604e-02 -9.37297184e-04  3.08230892e-02  3.34159695e-02
 -1.80970468e-02 -6.50895527e-03 -1.48493666e-02 -2.62778681e-02
 -6.11119419e-02 -2.39777211e-02 -5.04164360e-02 -4.00297754e-02
  2.02820282e-02 -7.20703229e-02 -1.75413843e-02 -1.00198183e-02
  3.56427620e-07  4.82730428e-03  8.23599473e-02  3.64887994e-03
 -9.58006270e-03  2.94360388e-02  3.05219200e-02 -2.77677011e-02
 -1.01715485e-02  1.49888163e-02  1.99430063e-02  4.08590306e-03
 -1.16339540e-02  6.96920976e-02 -5.46649797e-03 -2.40537450e-02
 -2.71528494e-02 -4.05805446e-02 -2.26388825e-03 -7.77303278e-02
  4.19898145e-02 -1.68046204e-03  5.58571070e-02  7.71678984e-02
 -3.78580540e-02  6.98739961e-02 -5.14175333e-02 -2.42635198e-02
 -1.14431782e-02  4.64685261e-02  1.74088124e-02  1.54278539e-02
  2.90802098e-03  5.44147892e-03  1.87124982e-02 -3.21278088e-02
  2.90099019e-03 -3.37776619e-05  5.91128878e-02 -6.89253071e-03
  5.37217446e-02  2.30422709e-03 -4.41950597e-02  4.47916053e-02
 -6.98071867e-02  5.47797568e-02  2.51363814e-02 -5.39503731e-02
 -4.26233336e-02 -2.73607653e-02 -3.60329784e-02  2.61157826e-02
  1.93773415e-02  5.00870030e-03  8.61335918e-03 -1.46300774e-02
 -5.12084477e-02 -2.65550278e-02 -2.36384198e-02  3.38128582e-02
  8.57230648e-03 -2.55052820e-02 -4.36824597e-02  6.64983084e-03
  5.03510386e-02  5.27605340e-02 -3.88119631e-02 -6.64370786e-03
  4.33977361e-34  1.11404741e-02  2.13529635e-03  6.52568927e-03
  9.64064896e-03  1.86785888e-02 -1.41377859e-02  3.99930440e-02
 -1.05837202e-02  2.16104835e-02 -1.12111121e-02 -5.50626479e-02]"
-41,"Built from scratch without any high-level frameworks or vector databases, handling over 10,000 page documents and achieving a 90% retrieval accuracy. •TLDR This- https://github.com/adityaghai07/Article-Filter-Summerizer Feb 2024 • Developed an article searcher and summarizer leveraging The General News Dataset from Kaggle, processing over 100,000 news articles. •Utilized collaborative filtering techniques including tokenization, stop-word removal, stemming, and TF-IDF vectorization, achieving a 90% relevance accuracy in retrieving articles. Honors and Awards • MLH HackByte 2.0 Grand Winner - Built an AI-based Game Coach achieving a mean average precision of 91, providing detailed graphical and point-by-point analysis. •Smart India Hackathon Finalist 2023 - Built Interactive VoiceBot of Chacha Chaudhary for Ministry Of Jal Shakti. •IIT Roorkee ThermaOracle Grand Winner - Temperature prediction modelling competition where we achieved an R2 Score of 0.91. •IIT Indore AnalyticaX Grand Winner - Vaccination prediction competition where we achieved stratified cross val ROC-AUC score of 0.87. •AI BioInnovate Challenge IIT Jodhpur Winner - Built a Robust Computationally Efficient Clustering Ensemble for the MOSES Dataset, achieving a silhouette score of 0.72.",1270,171,317.5,"[ 5.22020012e-02  4.64041345e-02 -5.68394037e-03  1.48292852e-03
 -7.60827772e-03 -1.43750757e-02  6.28230977e-04  3.53858620e-02
  2.52480991e-02 -3.05932965e-02  6.64721336e-03  6.60089925e-02
 -3.24882157e-02  8.24232548e-02 -2.83553731e-02 -6.77021667e-02
  5.69010004e-02  2.98622320e-03  1.34653002e-02 -4.20761667e-03
  4.53861896e-03  1.90980043e-02 -2.22722944e-02  4.31046411e-02
  1.50633212e-02  8.66027956e-04 -1.08440397e-02  1.56415403e-02
 -2.20502540e-02 -7.35799521e-02 -3.93004576e-03 -2.76146065e-02
  6.92212489e-03  2.75731515e-02  2.51004508e-06 -4.03871946e-02
 -5.32892235e-02  1.80340074e-02  1.10708680e-02 -1.32721039e-02
  7.41419271e-02  7.04328949e-03  2.48303693e-02 -3.08313174e-03
 -4.61517088e-02  8.87979195e-03  2.25986596e-02  2.96509936e-02
  5.59981391e-02  7.73431584e-02 -1.21972915e-02 -1.36344675e-02
  3.60144824e-02  1.95763186e-02  1.88701004e-02 -3.93779911e-02
 -4.47222106e-02 -3.95494625e-02  6.97883144e-02 -1.26886284e-02
  3.94398766e-03  3.01407352e-02 -1.45428441e-02  7.51747936e-03
  4.82410342e-02  3.70769724e-02 -6.41870499e-02 -1.80394575e-02
  3.57025415e-02  1.85815580e-02 -7.30603701e-03 -5.77937216e-02
  3.95837277e-02  2.33583041e-02 -4.40067984e-02  1.16486968e-02
 -4.92189899e-02  2.00486854e-02 -2.13472638e-02  1.18210576e-02
  2.87351403e-02  2.58377697e-02 -2.27500759e-02  2.71339435e-02
  5.12102619e-02  7.29656667e-02  5.34470519e-03 -7.08976947e-03
 -2.35318579e-02  2.08619796e-02  6.84762150e-02 -4.82934378e-02
  2.95325294e-02  4.51692082e-02 -5.31538762e-02 -5.04458770e-02
  1.94994442e-03 -3.70407812e-02  2.68097036e-02 -8.04183632e-02
 -1.76299885e-02  1.93833187e-03  4.71232496e-02  9.19548944e-02
  5.29378420e-03 -2.00694986e-03 -5.56187052e-03  3.61724719e-02
 -4.62820608e-04 -2.10075304e-02 -1.30176013e-02 -4.71958332e-03
  1.75545625e-02  8.83631930e-02 -2.18378194e-02 -9.82989650e-03
 -6.43703267e-02 -2.78965174e-03 -3.67685151e-03  1.32436268e-02
  2.39489116e-02  5.89367040e-02 -4.67641167e-02 -1.04015563e-02
  1.48338666e-02 -1.58029497e-02 -7.51366317e-02 -9.21119284e-03
  6.72792410e-03 -1.07433312e-02 -9.90746892e-04  4.08769399e-03
  3.64826471e-02 -2.70110965e-02  1.16669545e-02  3.92093286e-02
 -7.89129548e-03 -3.40332352e-02 -2.21392568e-02 -9.62539762e-03
  4.01180647e-02 -4.75485586e-02 -4.57357280e-02 -5.25399037e-02
  3.76441069e-02 -1.36164222e-02  2.49649805e-04 -1.75578967e-02
 -3.20165954e-03  8.52306839e-03 -1.84347164e-02  4.24351357e-02
 -8.84600508e-04 -3.12297530e-02  8.21528584e-02  4.31670137e-02
  3.31312977e-02  5.42494766e-02 -5.48582477e-03  4.56965268e-02
  5.57520837e-02  4.63153655e-03  2.13953555e-02  6.06414629e-03
 -1.00568896e-02 -4.01657708e-02  2.29555625e-03  6.24483591e-03
 -6.11756593e-02  1.40696522e-02 -5.24790511e-02  3.89914075e-03
  5.11521124e-04  4.39875051e-02  3.65931652e-02  4.18375954e-02
  9.36703198e-03  3.79406498e-03 -3.03215925e-02 -3.72116431e-03
  4.73260097e-02 -6.10391423e-02  4.60964162e-03  6.25370368e-02
 -4.78118286e-02 -2.62286421e-02  1.23244682e-02  4.36297543e-02
 -2.24959124e-02 -3.57495993e-02  3.58261093e-02 -7.23200105e-03
  2.16733348e-02 -2.59288191e-03  7.75972977e-02 -3.53672616e-02
 -7.45434221e-03 -7.15298206e-02  2.09910925e-02 -7.19110519e-02
  1.80037562e-02 -3.62433605e-02  3.50499600e-02  2.01050807e-02
  7.44671002e-02 -6.79400191e-02 -1.65003352e-02  3.49422265e-03
 -5.22619113e-03 -2.33719926e-02  1.06539978e-02 -8.88939574e-03
 -9.35380533e-03 -1.66212264e-02 -1.67078618e-02  2.15166956e-02
  2.42368374e-02 -1.25489766e-02  2.04251707e-02  7.90083408e-02
  7.81623926e-03  3.61063145e-02 -1.79410893e-02  2.29228642e-02
 -4.34203939e-05  5.82496962e-03  1.46805057e-02 -2.19617179e-03
  3.70507762e-02  5.23487702e-02 -7.79448310e-03  3.41487373e-03
  8.85857195e-02 -2.97780912e-02 -1.44093554e-03  5.68370800e-04
  5.53115420e-02  2.13958230e-02 -3.33631933e-02 -7.06452727e-02
  4.67605852e-02  6.30600974e-02  1.16620772e-02 -3.61379460e-02
  3.68453600e-02  5.93172992e-03  2.11128034e-02  5.49081201e-03
  1.66236814e-02 -3.81937698e-02 -3.60185606e-03 -2.50941068e-02
  4.85934317e-02  5.08009531e-02  1.75790302e-03  2.90329248e-04
 -4.33277823e-02 -1.71747431e-02 -5.11617102e-02 -2.18476318e-02
  2.11556554e-02 -2.88742874e-03  9.93911992e-04  4.63511236e-02
 -1.40158227e-02 -5.11299595e-02 -2.33557019e-02 -1.00191273e-01
  2.45076679e-02  9.61747579e-03  9.47278109e-04  1.84124280e-02
  2.66092587e-02  6.07417524e-03 -2.29904409e-02 -1.42892860e-02
 -1.80646889e-02  2.43182741e-02 -2.66241077e-02  2.54974924e-02
 -2.06871796e-03  5.17729297e-02 -4.20312099e-02 -8.17393418e-03
 -6.05497733e-02  5.01306243e-02  7.21304789e-02 -2.76052095e-02
  7.38882925e-03 -3.33195901e-03 -3.09283864e-02 -7.26117112e-04
 -2.98754219e-03 -1.11081703e-02  5.36498288e-03 -4.34140936e-02
 -5.05218841e-02  1.18725643e-01  4.40555960e-02  4.73315408e-03
  9.39724594e-03 -3.19889747e-02 -4.82944325e-02  3.96520235e-02
 -1.49952602e-02  4.83168066e-02 -6.73307979e-04  9.29389149e-03
  2.96911169e-02 -1.80194322e-02 -8.54186807e-03  8.65427125e-03
 -1.67316068e-02  3.93713824e-02 -2.74411086e-02 -1.84500795e-02
 -2.93285567e-02 -2.72275228e-03  7.56248785e-03  2.46116947e-02
 -6.41674688e-03 -2.00395240e-03  3.60823646e-02 -4.14770190e-03
  1.76984742e-02 -6.86217323e-02 -5.70282452e-02 -4.23882119e-02
  9.09088831e-03 -1.99493580e-02  3.20515670e-02 -8.63766223e-02
  4.34831623e-03 -2.00865455e-02 -1.40824821e-02  1.13118133e-02
 -7.84007013e-02 -5.74968616e-03 -5.65232150e-03 -4.20863274e-03
  7.51555478e-03 -3.54290418e-02 -6.80290768e-03 -4.37627062e-02
 -1.73985343e-02 -3.33261862e-02  4.99874428e-02 -3.94324102e-02
 -7.86119699e-02  1.19599951e-02  5.18641099e-02  4.67723720e-02
 -3.42295058e-02 -1.04626389e-02  4.54842597e-02  2.61558220e-02
  5.50131276e-02 -1.84216369e-02 -3.70318815e-03  4.06288393e-02
  4.50133998e-03  7.54767507e-02  7.62370974e-02 -4.43366654e-02
 -8.49273492e-05  7.64805917e-03  3.57714556e-02 -5.34711070e-02
 -1.84996221e-02 -3.19532789e-02  4.08257991e-02 -3.61403376e-02
 -6.51642727e-03  7.80184120e-02  4.60928231e-02 -8.83988887e-02
 -2.62376554e-02 -7.53917499e-03 -2.00595334e-02  1.09699294e-02
  5.57820387e-02 -6.32365495e-02  5.68683632e-03  4.10638452e-02
  4.71158139e-02 -1.07883001e-02 -5.27894236e-02 -1.77756697e-02
 -5.41955009e-02  1.10756606e-02  7.70090381e-03 -5.08142598e-02
 -2.16019582e-02 -8.82091001e-02 -3.75439413e-02 -4.04625311e-02
 -7.92372525e-02  1.62278097e-02 -1.39051257e-02  2.12344714e-02
 -4.71794978e-03 -7.81883895e-02 -7.19213393e-04  2.14574859e-02
 -1.86789420e-03  1.55626824e-02  6.96591884e-02  4.31017354e-02
 -3.44238095e-02  1.25981774e-02 -2.99992040e-02 -1.86265563e-03
 -2.78916024e-02 -4.35842350e-02  6.04750179e-02 -7.42908567e-02
  6.76190387e-03 -1.94473416e-02  3.38974446e-02  1.86107773e-02
  9.80126089e-04  4.73269373e-02  4.71518524e-02 -9.95763578e-03
  2.72853896e-02 -7.43444264e-02 -4.50891666e-02 -9.91414674e-03
  2.06528511e-02 -4.73721273e-04 -1.90419983e-02 -2.19095573e-02
 -2.38486324e-02  3.81143652e-02 -1.04283132e-02 -6.09427691e-02
 -4.39270437e-02 -3.92182507e-02 -5.20124361e-02 -6.89618438e-02
 -5.99332713e-02  3.13118510e-02  2.19830368e-02 -2.41621141e-03
 -1.17273571e-03 -3.90390046e-02 -4.29274840e-03 -7.01729730e-02
 -3.99022922e-02  4.98188706e-03  1.81131754e-02 -3.27535346e-02
  2.12362967e-02  3.29270996e-02 -1.45270396e-02 -4.20886241e-02
  5.84079437e-02 -1.76304337e-02 -2.66031194e-02  1.36914384e-02
  6.68144450e-02  2.34197564e-02  3.67686711e-02 -2.60636415e-02
 -4.96527329e-02  5.17472625e-02  5.10476381e-02 -3.07069793e-02
 -2.23567616e-02 -2.06071492e-02 -3.04820412e-03 -9.59077012e-03
  3.05789686e-03 -5.28767221e-02  3.60425264e-02 -1.13342432e-02
  1.20189153e-02  1.54894115e-02  3.62417549e-02  2.05268878e-02
  4.10601348e-02  4.14040349e-02  6.24053879e-03 -6.48890156e-03
  1.14817556e-03  1.53544210e-02 -1.17320595e-02 -4.42603454e-02
 -2.52274722e-02 -8.86961818e-03  7.30105629e-03  1.81847215e-02
  5.40921418e-03  6.98642433e-02  2.41889097e-02  4.16891463e-02
 -6.05740584e-02  6.96588457e-02  3.28899696e-02  5.38160801e-02
 -2.08676811e-02  5.82750607e-03  1.51017364e-02 -2.26120045e-03
 -4.04488575e-03  2.86193974e-02 -5.66996522e-02 -8.04394111e-03
  1.25565752e-02  3.09958402e-03  9.03638080e-03  2.45431457e-02
 -1.01548485e-01  2.59797275e-02 -3.94514315e-02  4.89290841e-02
  4.72193956e-02 -9.31896921e-03  1.94989219e-02 -1.35010304e-02
 -1.90239083e-02 -1.42233884e-02  2.75251805e-03 -1.13712987e-02
  2.80824266e-02 -2.54549850e-02  3.40963006e-02 -1.06516387e-02
 -3.08757857e-03  6.38219416e-02 -1.69563852e-02 -3.39689525e-03
  6.23160638e-02 -2.94696931e-02 -4.14332673e-02  1.60753187e-02
  4.50466909e-02  7.16440007e-02 -1.53863924e-02 -3.35754864e-02
 -2.10200250e-02  7.41368625e-03  1.76265985e-02 -1.76279955e-02
  3.61591869e-04 -2.65975744e-02  5.50655276e-03  4.29277904e-02
  1.52858933e-02  2.79972912e-03 -3.58687826e-02 -4.84089367e-03
 -6.42563403e-02 -2.28190031e-02  1.91332400e-02 -7.41178722e-33
 -8.23094789e-03 -9.96399391e-03 -1.45010594e-02 -1.54641736e-02
 -2.10448336e-02  2.94538252e-02 -3.36604603e-02 -2.19520554e-02
 -1.41775757e-02  8.02352931e-03 -6.17025793e-02  2.57791653e-02
  1.26417000e-02 -1.30617265e-02  5.67378625e-02  5.92239294e-03
  3.14304978e-02  2.71083508e-02 -3.08771729e-02  3.43661644e-02
  2.39506215e-02  5.89135066e-02  4.43464108e-02 -2.70843059e-02
  4.27124277e-03  1.35199651e-02 -2.62884144e-02 -2.69364640e-02
  2.43923962e-02  4.11930196e-02  1.00214435e-02  1.66584412e-03
  4.05579526e-03 -6.95376331e-03  2.00374220e-02 -1.96295492e-02
 -8.93587172e-02 -9.89307836e-03 -2.39423383e-02  2.90427227e-02
  1.71191536e-03 -2.60850298e-03  4.94161658e-02 -3.33040990e-02
 -2.71091349e-02  3.83270252e-03  4.48728316e-02 -1.50927342e-02
 -3.66780646e-02 -4.30707857e-02  2.47605611e-03  1.98375862e-02
 -5.30721657e-02  4.18028496e-02  2.41542179e-02  6.56546094e-03
  9.80752893e-03  6.26989976e-02 -9.52902138e-02  4.65236567e-02
 -5.66311777e-02  6.50795773e-02  4.99617197e-02 -2.85860617e-02
  2.96578999e-03  3.72893997e-02  5.86346388e-02 -2.39064675e-02
 -4.09120619e-02 -7.76349008e-03  1.16633335e-02  2.69838590e-02
  4.68395650e-02  2.07551382e-02  2.92952750e-02 -6.17360547e-02
 -3.96237448e-02  7.19273165e-02  2.64751129e-02  5.34838513e-02
 -2.51445472e-02  1.70251857e-02 -6.40665665e-02  1.33619905e-02
  3.80334258e-02 -1.53831521e-03 -4.26715128e-02 -4.05784622e-02
  1.04510086e-02 -1.21220341e-03 -5.14169745e-02  2.27213539e-02
 -2.83146054e-02 -3.74247320e-02  2.44089179e-02  4.63601872e-02
  2.82235183e-02 -4.81811306e-03 -1.15541266e-02 -1.26714166e-03
 -1.85238570e-02 -4.75071594e-02 -2.21511181e-02  2.54373010e-02
  6.10902114e-03 -2.93091871e-02  6.49387308e-04  2.12097522e-02
 -5.55003509e-02 -1.47602521e-02  7.41183292e-03  1.80712789e-02
 -1.47017762e-02  8.59529525e-03 -8.02927930e-03 -2.62016710e-02
  1.32282684e-02 -2.35694833e-03  3.71916406e-02  7.63723031e-02
  2.90344516e-03 -3.69308218e-02 -9.76127572e-03 -3.39132212e-02
  6.53949333e-03 -1.49734248e-03 -5.38533255e-02  1.55492695e-02
 -2.18494069e-02 -6.38645589e-02 -1.72371101e-02 -1.18502984e-02
  3.33295901e-07  2.44573038e-02  1.04518466e-01 -3.25469710e-02
 -3.10200732e-02 -4.41940650e-02 -1.86200812e-02 -4.67096381e-02
  1.47200217e-02 -2.57098656e-02  7.18295202e-02  1.37246177e-02
  8.78129713e-03  4.59951200e-02  5.28157465e-02 -1.04804799e-01
 -4.03140299e-02 -7.26629496e-02 -2.66220961e-02 -5.82429692e-02
 -3.89476167e-03  1.32175582e-02  5.38442284e-02  5.07640392e-02
  5.32498211e-03  1.09103983e-02 -3.95663790e-02 -9.84537043e-03
  6.23852666e-03 -1.30042480e-02  1.75331756e-02  1.94668453e-02
  1.49933649e-02 -1.43558290e-02 -3.86910029e-02 -4.09606732e-02
  4.67319181e-03  4.61039469e-02  1.77942775e-02 -2.23026574e-02
  4.69016209e-02  3.73191722e-02  1.06805088e-02 -3.82921007e-03
 -6.91255853e-02  9.92684513e-02  4.02482878e-03 -5.80883361e-02
 -3.52192335e-02 -9.40240994e-02 -1.16517106e-02  3.01189050e-02
  1.67019069e-02 -1.70069691e-02 -4.12547961e-03 -1.46948555e-02
 -9.23824497e-03  7.54755829e-03 -4.37192656e-02 -2.25934070e-02
 -3.77488993e-02  3.76308989e-03 -6.07453138e-02 -4.04556803e-02
  4.82101515e-02 -1.47708161e-02 -2.40281280e-02  1.90150533e-02
  3.29498896e-34  5.76580204e-02  3.14703770e-02 -3.62840458e-03
 -4.80125658e-03  3.09988260e-02 -1.29899560e-02 -1.35537917e-02
 -4.00754344e-03  1.29382294e-02 -4.54735756e-02 -6.49864087e-03]"
